{"components/carousel":"<section class=\"heroCarousel\"\n\t    data-slick='{\n\t        \"dots\": true,\n\t        \"mobileFirst\": true,\n\t        \"slidesToShow\": 1,\n\t        \"slidesToScroll\": 1,\n\t        \"autoplay\": true,\n\t\t    \"arrows\": false,\n\t        \"autoplaySpeed\": {{carousel.swap_frequency}}\n\t    }'\n\t>\n\t    {{#each carousel.slides}}\n\t    <div class=\"heroCarousel-slide\" style=\"background-image: url({{image}})\">\n\t        <a href=\"{{url}}\">\n\t            <img class=\"heroCarousel-image\" src=\"{{image}}\" alt=\"{{alt_text}}\" title=\"{{alt_text}}\"/>\n\t            {{#if heading}}\n\t                {{> components/carousel-content show_background=true}}\n\t            {{else}}\n\t                {{#if text}}\n\t                    {{> components/carousel-content show_background=true}}\n\t                {{else}}\n\t                    {{#if button_text}}\n\t                        {{> components/carousel-content show_background=false}}\n\t                    {{/if}}\n\t                {{/if}}\n\t            {{/if}}\n\t        </a>\n\t    </div>\n\t    {{/each}}\n</section>\n","components/carousel-content":"<div class=\"heroCarousel-content{{#unless show_background}} heroCarousel-content--empty{{/unless}}\">\n    <h1 class=\"heroCarousel-title\">{{heading}}</h1>\n    <p class=\"heroCarousel-description\">{{text}}</p>\n    {{#if button_text}}\n        <span class=\"heroCarousel-action button button--primary button--large\">{{button_text}}</span>\n    {{/if}}\n</div>\n"}