{"components/carousel":"<section class=\"heroCarousel\"\r\n\t    data-slick='{\r\n\t        \"dots\": true,\r\n\t        \"mobileFirst\": true,\r\n\t        \"slidesToShow\": 1,\r\n\t        \"slidesToScroll\": 1,\r\n\t        \"autoplay\": true,\r\n\t\t    \"arrows\": false,\r\n\t        \"autoplaySpeed\": {{carousel.swap_frequency}}\r\n\t    }'\r\n\t>\r\n\t    {{#each carousel.slides}}\r\n\t    <div class=\"heroCarousel-slide\" style=\"background-image: url({{image}})\">\r\n\t        <a href=\"{{url}}\">\r\n\t            <img class=\"heroCarousel-image\" src=\"{{image}}\" alt=\"{{alt_text}}\" title=\"{{alt_text}}\"/>\r\n\t            {{#if heading}}\r\n\t                {{> components/carousel-content show_background=true}}\r\n\t            {{else}}\r\n\t                {{#if text}}\r\n\t                    {{> components/carousel-content show_background=true}}\r\n\t                {{else}}\r\n\t                    {{#if button_text}}\r\n\t                        {{> components/carousel-content show_background=false}}\r\n\t                    {{/if}}\r\n\t                {{/if}}\r\n\t            {{/if}}\r\n\t        </a>\r\n\t    </div>\r\n\t    {{/each}}\r\n</section>\r\n","components/carousel-content":"<div class=\"heroCarousel-content{{#unless show_background}} heroCarousel-content--empty{{/unless}}\">\r\n    <h1 class=\"heroCarousel-title\">{{heading}}</h1>\r\n    <p class=\"heroCarousel-description\">{{text}}</p>\r\n    {{#if button_text}}\r\n        <span class=\"heroCarousel-action button button--primary button--large\">{{button_text}}</span>\r\n    {{/if}}\r\n</div>\r\n"}