[{
	"name" : "Ford GT",
	"description" : "Lorem ipsum is simply dummy text of the printing and typesetting industry. Lorem ipsum is text is just text",
	"img" : "/stencil/theme/1/img/ford-gt-thumb.jpg",
	"actionMsg" : "Start with Ford GT"
},
{
	"name" : "Ford GT",
	"description" : "Lorem ipsum is simply dummy text of the printing and typesetting industry. Lorem ipsum is text is just text",
	"img" : "/stencil/theme/1/img/ford-gt-thumb.jpg",
	"actionMsg" : "Start with Ford GT"
},
{
	"name" : "Ford GT",
	"description" : "Lorem ipsum is simply dummy text of the printing and typesetting industry. Lorem ipsum is text is just text",
	"img" : "/stencil/theme/1/img/ford-gt-thumb.jpg",
	"actionMsg" : "Start with Ford GT"
},
{
	"name" : "Ford GT",
	"description" : "Lorem ipsum is simply dummy text of the printing and typesetting industry. Lorem ipsum is text is just text",
	"img" : "/stencil/theme/1/img/ford-gt-thumb.jpg",
	"actionMsg" : "Start with Ford GT"
},
{
	"name" : "Ford GT",
	"description" : "Lorem ipsum is simply dummy text of the printing and typesetting industry. Lorem ipsum is text is just text",
	"img" : "/stencil/theme/1/img/ford-gt-thumb.jpg",
	"actionMsg" : "Start with Ford GT"
},
{
	"name" : "Ford GT",
	"description" : "Lorem ipsum is simply dummy text of the printing and typesetting industry. Lorem ipsum is text is just text",
	"img" : "/stencil/theme/1/img/ford-gt-thumb.jpg",
	"actionMsg" : "Start with Ford GT"
},
{
	"name" : "Ford GT",
	"description" : "Lorem ipsum is simply dummy text of the printing and typesetting industry. Lorem ipsum is text is just text",
	"img" : "/stencil/theme/1/img/ford-gt-thumb.jpg",
	"actionMsg" : "Start with Ford GT"
},
{
	"name" : "Ford GT",
	"description" : "Lorem ipsum is simply dummy text of the printing and typesetting industry. Lorem ipsum is text is just text",
	"img" : "/stencil/theme/1/img/ford-gt-thumb.jpg",
	"actionMsg" : "Start with Ford GT"
}]

